Category,Total_Purchase_Amount,Average_Purchase_Amount,Purchase_Count
Accessories,74200,59.83870967741935,1240
Clothing,104264,60.025331030512376,1737
Footwear,36093,60.25542570951586,599
Outerwear,18524,57.17283950617284,324
